run_name,host,mode,algorithm,task,world_size,num_envs,batch_size,updates_per_step,max_iterations,port,event_file,fps_samples,mean_global_env_steps_s,mean_iteration_ms,mean_collection_ms,mean_learning_ms,mean_learner_rows_s,tail20_mean_reward,tail20_mean_episode_length
ppo_single_g1_walk_500,host1,single,ppo,g1_walk_flat,1,2048,,,500,,ppo_single_g1_walk_500/events.out.tfevents.1791445340.spark-7e93.3342979.0,500,49160.653333,,842.658830,165.510741,,1.020417,76.698501
ppo_dual_g1_walk_500,host0,dual,ppo,g1_walk_flat,2,2048,,,500,29704,ppo_dual_g1_walk_500/events.out.tfevents.1791448053.spark-0a2a.2954256.0,500,83567.300000,,949.743613,230.490254,,25.044964,890.353000
ppo_single_g1_flip_500,host0,single,ppo,g1_flip_tracking,1,1024,,,500,,ppo_single_g1_flip_500/events.out.tfevents.1791445338.spark-0a2a.2923711.0,500,22861.835556,,887.232403,191.368438,,22.090863,190.718999
ppo_dual_g1_flip_500,host0,dual,ppo,g1_flip_tracking,2,1024,,,500,29706,ppo_dual_g1_flip_500/events.out.tfevents.1791449088.spark-0a2a.2961458.0,500,43038.460000,,949.230049,196.607181,,19.217168,141.280500
ppo_single_go2_500,host0,single,ppo,go2_joystick_flat,1,2048,,,500,,ppo_single_go2_500/events.out.tfevents.1791445917.spark-0a2a.2927502.0,500,66808.684444,,529.396256,211.641401,,53.378622,1000.000000
ppo_dual_go2_500,host0,dual,ppo,go2_joystick_flat,2,2048,,,500,29705,ppo_dual_go2_500/events.out.tfevents.1791448682.spark-0a2a.2958355.0,500,133751.386667,,509.178504,231.426398,,54.012496,1000.000000
ppo_single_allegro_500,host1,single,ppo,allegro_inhand,1,16384,,,500,,ppo_single_allegro_500/events.out.tfevents.1791445866.spark-7e93.3358065.0,500,42643.602222,,2738.689882,359.620172,,3.097475,133.852499
ppo_dual_allegro_500,host0,dual,ppo,allegro_inhand,2,16384,,,500,29707,ppo_dual_allegro_500/events.out.tfevents.1791449707.spark-0a2a.2965875.0,500,91439.722222,,2402.335859,471.207146,,11.742102,399.628999
sac_single_g1_walk_500,host0,single,sac,g1_walk_flat,1,2048,8192,8,500,,sac_single_g1_walk_500/events.out.tfevents.1791446314.spark-0a2a.2930463.0,500,38496.572526,53.222727,,49.890844,1231353.667863,16.909385,67.671000
sac_dual_g1_walk_500,host0,dual,sac,g1_walk_flat,2,2048,8192,8,500,29700,sac_dual_g1_walk_500/events.out.tfevents.1791447496.spark-0a2a.2946192.0,500,64022.102066,64.194988,,62.647896,2041779.347612,17.223913,70.017751
sac_single_g1_motion_500,host0,single,sac,g1_motion_tracking,1,2048,8192,8,500,,sac_single_g1_motion_500/events.out.tfevents.1791446363.spark-0a2a.2931501.0,500,28471.349779,71.996126,,67.250960,910271.205822,-0.034004,32.440000
sac_dual_g1_motion_500,host0,dual,sac,g1_motion_tracking,2,2048,8192,8,500,29701,sac_dual_g1_motion_500/events.out.tfevents.1791447555.spark-0a2a.2947092.0,500,51320.655929,80.009944,,78.624975,1638196.377442,-0.073000,33.939500
flashsac_single_g1_walk_500,host0,single,flashsac,g1_walk_flat,1,2048,8192,8,500,,flashsac_single_g1_walk_500/events.out.tfevents.1791446476.spark-0a2a.2936553.0,500,8742.862821,234.267811,,228.796527,279748.206779,4.445981,47.873499
flashsac_dual_g1_walk_500,host0,dual,flashsac,g1_walk_flat,2,2048,8192,8,500,29702,flashsac_dual_g1_walk_500/events.out.tfevents.1791447698.spark-0a2a.2949759.0,500,16474.436482,249.175625,,246.607479,526022.559362,4.135496,48.301250
flashsac_single_g1_motion_500,host0,single,flashsac,g1_motion_tracking,1,2048,8192,8,500,,flashsac_single_g1_motion_500/events.out.tfevents.1791446610.spark-0a2a.2937962.0,500,8355.224924,245.133189,,238.406289,267348.539468,1.127270,36.986500
flashsac_dual_g1_motion_500,host0,dual,flashsac,g1_motion_tracking,2,2048,8192,8,500,29703,flashsac_dual_g1_motion_500/events.out.tfevents.1791447847.spark-0a2a.2951003.0,500,15759.628941,260.426272,,257.831787,503297.916909,1.138704,37.892250
