run_name,carrier,host,mode,algorithm,task,world_size,num_envs,batch_size,updates_per_step,max_iterations,port
ppo_single_cpu_g1_walk_flat_500,cpu,host0,single,ppo,g1_walk_flat,1,2048,,,500,
ppo_dual_cpu_g1_walk_flat_500,cpu,host0,dual,ppo,g1_walk_flat,2,2048,,,500,29700
ppo_single_cpu_g1_flip_tracking_500,cpu,host0,single,ppo,g1_flip_tracking,1,1024,,,500,
ppo_dual_cpu_g1_flip_tracking_500,cpu,host0,dual,ppo,g1_flip_tracking,2,1024,,,500,29701
ppo_single_cpu_go2_joystick_flat_500,cpu,host0,single,ppo,go2_joystick_flat,1,2048,,,500,
ppo_dual_cpu_go2_joystick_flat_500,cpu,host0,dual,ppo,go2_joystick_flat,2,2048,,,500,29702
ppo_single_cpu_allegro_inhand_500,cpu,host0,single,ppo,allegro_inhand,1,16384,,,500,
ppo_dual_cpu_allegro_inhand_500,cpu,host0,dual,ppo,allegro_inhand,2,16384,,,500,29703
sac_single_cpu_g1_walk_flat_500,cpu,host0,single,sac,g1_walk_flat,1,2048,8192,8,500,
sac_dual_cpu_g1_walk_flat_500,cpu,host0,dual,sac,g1_walk_flat,2,2048,8192,8,500,29704
sac_single_cpu_g1_motion_tracking_500,cpu,host0,single,sac,g1_motion_tracking,1,2048,8192,8,500,
sac_dual_cpu_g1_motion_tracking_500,cpu,host0,dual,sac,g1_motion_tracking,2,2048,8192,8,500,29705
flashsac_single_cpu_g1_walk_flat_500,cpu,host0,single,flashsac,g1_walk_flat,1,2048,8192,8,500,
flashsac_dual_cpu_g1_walk_flat_500,cpu,host0,dual,flashsac,g1_walk_flat,2,2048,8192,8,500,29706
flashsac_single_cpu_g1_motion_tracking_500,cpu,host0,single,flashsac,g1_motion_tracking,1,2048,8192,8,500,
flashsac_dual_cpu_g1_motion_tracking_500,cpu,host0,dual,flashsac,g1_motion_tracking,2,2048,8192,8,500,29707
ppo_single_cuda_g1_walk_flat_500,cuda,host0,single,ppo,g1_walk_flat,1,2048,,,500,
ppo_dual_cuda_g1_walk_flat_500,cuda,host0,dual,ppo,g1_walk_flat,2,2048,,,500,29708
ppo_single_cuda_g1_flip_tracking_500,cuda,host0,single,ppo,g1_flip_tracking,1,1024,,,500,
ppo_dual_cuda_g1_flip_tracking_500,cuda,host0,dual,ppo,g1_flip_tracking,2,1024,,,500,29709
ppo_single_cuda_go2_joystick_flat_500,cuda,host0,single,ppo,go2_joystick_flat,1,2048,,,500,
ppo_dual_cuda_go2_joystick_flat_500,cuda,host0,dual,ppo,go2_joystick_flat,2,2048,,,500,29710
ppo_single_cuda_allegro_inhand_500,cuda,host0,single,ppo,allegro_inhand,1,16384,,,500,
ppo_dual_cuda_allegro_inhand_500,cuda,host0,dual,ppo,allegro_inhand,2,16384,,,500,29711
sac_single_cuda_g1_walk_flat_500,cuda,host0,single,sac,g1_walk_flat,1,2048,8192,8,500,
sac_dual_cuda_g1_walk_flat_500,cuda,host0,dual,sac,g1_walk_flat,2,2048,8192,8,500,29712
sac_single_cuda_g1_motion_tracking_500,cuda,host0,single,sac,g1_motion_tracking,1,2048,8192,8,500,
sac_dual_cuda_g1_motion_tracking_500,cuda,host0,dual,sac,g1_motion_tracking,2,2048,8192,8,500,29713
flashsac_single_cuda_g1_walk_flat_500,cuda,host0,single,flashsac,g1_walk_flat,1,2048,8192,8,500,
flashsac_dual_cuda_g1_walk_flat_500,cuda,host0,dual,flashsac,g1_walk_flat,2,2048,8192,8,500,29714
flashsac_single_cuda_g1_motion_tracking_500,cuda,host0,single,flashsac,g1_motion_tracking,1,2048,8192,8,500,
flashsac_dual_cuda_g1_motion_tracking_500,cuda,host0,dual,flashsac,g1_motion_tracking,2,2048,8192,8,500,29715
